--      CORRER CON ODBC SIBAMEXDESA 172.30.20.69 dbBIM
--		Ejecutar despues de que dbBIM se haya actualizado con la ver de Produccion
--		Correr por bloques, alter por alter, create y despues los inserts

--SELECT * from dbo.IEPLDTER
        ALTER TABLE IEPLDTER ADD Ter_Sexo       VARCHAR (6)     DEFAULT ''
        ALTER TABLE IEPLDTER ADD Ter_EdoCiv     VARCHAR (25)    DEFAULT ''
        ALTER TABLE IEPLDTER ADD Ter_FecNac     VARCHAR (10)    DEFAULT ''
        ALTER TABLE IEPLDTER ADD Ter_Cargo      VARCHAR (3)     DEFAULT ''
        ALTER TABLE IEPLDTER ADD Ter_IdPadre    VARCHAR (5)     DEFAULT ''
        ALTER TABLE IEPLDTER ADD Ter_TipoPer    VARCHAR (2)     DEFAULT ''
        ALTER TABLE IEPLDTER ADD Ter_ReprLEgal  VARCHAR (1)     DEFAULT ''

--SELECT * FROM SOESTADO1
        CREATE TABLE SOESTADO1 (NUMERO INTEGER, SIGLAS CHAR(5))
        INSERT INTO SOESTADO1 (NUMERO, SIGLAS) VALUES ( 1 ,'DF')
        INSERT INTO SOESTADO1 (NUMERO, SIGLAS) VALUES ( 2 ,'AGS')
        INSERT INTO SOESTADO1 (NUMERO, SIGLAS) VALUES ( 3 ,'BCN')
        INSERT INTO SOESTADO1 (NUMERO, SIGLAS) VALUES ( 4 ,'BCS')
        INSERT INTO SOESTADO1 (NUMERO, SIGLAS) VALUES ( 5 ,'CAM')
        INSERT INTO SOESTADO1 (NUMERO, SIGLAS) VALUES ( 6 ,'COA')
        INSERT INTO SOESTADO1 (NUMERO, SIGLAS) VALUES ( 7 ,'COL')
        INSERT INTO SOESTADO1 (NUMERO, SIGLAS) VALUES ( 8 ,'CHS')
        INSERT INTO SOESTADO1 (NUMERO, SIGLAS) VALUES ( 9 ,'CHI')
        INSERT INTO SOESTADO1 (NUMERO, SIGLAS) VALUES ( 10,'DGO')
        INSERT INTO SOESTADO1 (NUMERO, SIGLAS) VALUES ( 11,'GTO')
        INSERT INTO SOESTADO1 (NUMERO, SIGLAS) VALUES ( 12,'GRO')
        INSERT INTO SOESTADO1 (NUMERO, SIGLAS) VALUES ( 13,'HGO')
        INSERT INTO SOESTADO1 (NUMERO, SIGLAS) VALUES ( 14,'JAL')
        INSERT INTO SOESTADO1 (NUMERO, SIGLAS) VALUES ( 15,'EME')
        INSERT INTO SOESTADO1 (NUMERO, SIGLAS) VALUES ( 16,'MICH')
        INSERT INTO SOESTADO1 (NUMERO, SIGLAS) VALUES ( 17,'MOR')
        INSERT INTO SOESTADO1 (NUMERO, SIGLAS) VALUES ( 18,'NAY')
        INSERT INTO SOESTADO1 (NUMERO, SIGLAS) VALUES ( 19,'NL')
        INSERT INTO SOESTADO1 (NUMERO, SIGLAS) VALUES ( 20,'OAX')
        INSERT INTO SOESTADO1 (NUMERO, SIGLAS) VALUES ( 21,'PUE')
        INSERT INTO SOESTADO1 (NUMERO, SIGLAS) VALUES ( 22,'QRO')
        INSERT INTO SOESTADO1 (NUMERO, SIGLAS) VALUES ( 23,'QR')
        INSERT INTO SOESTADO1 (NUMERO, SIGLAS) VALUES ( 24,'SLP')
        INSERT INTO SOESTADO1 (NUMERO, SIGLAS) VALUES ( 25,'SIN')
        INSERT INTO SOESTADO1 (NUMERO, SIGLAS) VALUES ( 26,'SON')
        INSERT INTO SOESTADO1 (NUMERO, SIGLAS) VALUES ( 27,'TAB')
        INSERT INTO SOESTADO1 (NUMERO, SIGLAS) VALUES ( 28,'TAM')
        INSERT INTO SOESTADO1 (NUMERO, SIGLAS) VALUES ( 29,'TLA')
        INSERT INTO SOESTADO1 (NUMERO, SIGLAS) VALUES ( 30,'VER')
        INSERT INTO SOESTADO1 (NUMERO, SIGLAS) VALUES ( 31,'YUC')
        INSERT INTO SOESTADO1 (NUMERO, SIGLAS) VALUES ( 32,'ZAC')
        UPDATE SOESTADO SET EST.Est_Abrevi=EST1.SIGLAS
                FROM SOESTADO EST, SOESTADO1 EST1 WHERE EST.SoEstadoID=EST1.NUMERO
        drop table SOESTADO1
--      SELECT * FROM SOESTADO
--      SELECT * FROM CLENTIDA




--SELECT * FROM RELSOEST
        CREATE TABLE  RELSOEST (Ent_Numero CHAR(3), Est_Numero INTEGER, Est_Abrevi CHAR(50))
        INSERT INTO RELSOEST (Ent_Numero, Est_Numero, Est_Abrevi) VALUES ('009',1,'DF')
        INSERT INTO RELSOEST (Ent_Numero, Est_Numero, Est_Abrevi) VALUES ('001',2,'AGS')
        INSERT INTO RELSOEST (Ent_Numero, Est_Numero, Est_Abrevi) VALUES ('002',3,'BCN')
        INSERT INTO RELSOEST (Ent_Numero, Est_Numero, Est_Abrevi) VALUES ('003',4,'BCS')
        INSERT INTO RELSOEST (Ent_Numero, Est_Numero, Est_Abrevi) VALUES ('004',5,'CAM')
        INSERT INTO RELSOEST (Ent_Numero, Est_Numero, Est_Abrevi) VALUES ('005',6,'COA')
        INSERT INTO RELSOEST (Ent_Numero, Est_Numero, Est_Abrevi) VALUES ('006',7,'COL')
        INSERT INTO RELSOEST (Ent_Numero, Est_Numero, Est_Abrevi) VALUES ('007',8,'CHS')
        INSERT INTO RELSOEST (Ent_Numero, Est_Numero, Est_Abrevi) VALUES ('008',9,'CHI')
        INSERT INTO RELSOEST (Ent_Numero, Est_Numero, Est_Abrevi) VALUES ('010',10,'DGO')
        INSERT INTO RELSOEST (Ent_Numero, Est_Numero, Est_Abrevi) VALUES ('011',11,'GTO')
        INSERT INTO RELSOEST (Ent_Numero, Est_Numero, Est_Abrevi) VALUES ('012',12,'GRO')
        INSERT INTO RELSOEST (Ent_Numero, Est_Numero, Est_Abrevi) VALUES ('013',13,'HGO')
        INSERT INTO RELSOEST (Ent_Numero, Est_Numero, Est_Abrevi) VALUES ('014',14,'JAL')
        INSERT INTO RELSOEST (Ent_Numero, Est_Numero, Est_Abrevi) VALUES ('015',15,'EME')
        INSERT INTO RELSOEST (Ent_Numero, Est_Numero, Est_Abrevi) VALUES ('016',16,'MICH')
        INSERT INTO RELSOEST (Ent_Numero, Est_Numero, Est_Abrevi) VALUES ('017',17,'MOR')
        INSERT INTO RELSOEST (Ent_Numero, Est_Numero, Est_Abrevi) VALUES ('018',18,'NAY')
        INSERT INTO RELSOEST (Ent_Numero, Est_Numero, Est_Abrevi) VALUES ('019',19,'NL')
        INSERT INTO RELSOEST (Ent_Numero, Est_Numero, Est_Abrevi) VALUES ('020',20,'OAX')
        INSERT INTO RELSOEST (Ent_Numero, Est_Numero, Est_Abrevi) VALUES ('021',21,'PUE')
        INSERT INTO RELSOEST (Ent_Numero, Est_Numero, Est_Abrevi) VALUES ('022',22,'QRO')
        INSERT INTO RELSOEST (Ent_Numero, Est_Numero, Est_Abrevi) VALUES ('023',23,'QR')
        INSERT INTO RELSOEST (Ent_Numero, Est_Numero, Est_Abrevi) VALUES ('024',24,'SLP')
        INSERT INTO RELSOEST (Ent_Numero, Est_Numero, Est_Abrevi) VALUES ('025',25,'SIN')
        INSERT INTO RELSOEST (Ent_Numero, Est_Numero, Est_Abrevi) VALUES ('026',26,'SON')
        INSERT INTO RELSOEST (Ent_Numero, Est_Numero, Est_Abrevi) VALUES ('027',27,'TAB')
        INSERT INTO RELSOEST (Ent_Numero, Est_Numero, Est_Abrevi) VALUES ('028',28,'TAM')
        INSERT INTO RELSOEST (Ent_Numero, Est_Numero, Est_Abrevi) VALUES ('029',29,'TLA')
        INSERT INTO RELSOEST (Ent_Numero, Est_Numero, Est_Abrevi) VALUES ('030',30,'VER')
        INSERT INTO RELSOEST (Ent_Numero, Est_Numero, Est_Abrevi) VALUES ('031',31,'YUC')
        INSERT INTO RELSOEST (Ent_Numero, Est_Numero, Est_Abrevi) VALUES ('032',32,'ZAC')
        SELECT * FROM RELSOEST
--      drop table RELSOEST



--SELECT * FROM SOCIUENT
        CREATE TABLE SOCIUENT (SoCiudadID INTEGER, SoNombre CHAR(40), LocaliID CHAR(10))
        INSERT INTO SOCIUENT (SoCiudadID, SoNombre, LocaliID) values(101,'CIUDAD DE MEXICO',    '900006')
        INSERT INTO SOCIUENT (SoCiudadID, SoNombre, LocaliID) values(103,'MEXICALI',            '200002')
        INSERT INTO SOCIUENT (SoCiudadID, SoNombre, LocaliID) values(104,'LA PAZ',              '300002')
        INSERT INTO SOCIUENT (SoCiudadID, SoNombre, LocaliID) values(105,'CAMPECHE',            '400003')
        INSERT INTO SOCIUENT (SoCiudadID, SoNombre, LocaliID) values(107,'COLIMA',              '600002')
        INSERT INTO SOCIUENT (SoCiudadID, SoNombre, LocaliID) values(109,'CHIHUAHUA',           '800014')
        INSERT INTO SOCIUENT (SoCiudadID, SoNombre, LocaliID) values(114,'GUADALAJARA',         '1400040')
        INSERT INTO SOCIUENT (SoCiudadID, SoNombre, LocaliID) values(116,'MORELIA',             '1600057')
        INSERT INTO SOCIUENT (SoCiudadID, SoNombre, LocaliID) values(118,'TEPIC',               '1800018')
        INSERT INTO SOCIUENT (SoCiudadID, SoNombre, LocaliID) values(119,'MONTERREY',           '1900040')
        INSERT INTO SOCIUENT (SoCiudadID, SoNombre, LocaliID) values(120,'OAXACA',              '2000072')
        INSERT INTO SOCIUENT (SoCiudadID, SoNombre, LocaliID) values(121,'PUEBLA',              '2100116')
        INSERT INTO SOCIUENT (SoCiudadID, SoNombre, LocaliID) values(122,'QUERETARO',           '2200014')
        INSERT INTO SOCIUENT (SoCiudadID, SoNombre, LocaliID) values(124,'SAN LUIS POTOSI',     '2400030')
        INSERT INTO SOCIUENT (SoCiudadID, SoNombre, LocaliID) values(125,'CULIACAN',            '2500007')
        INSERT INTO SOCIUENT (SoCiudadID, SoNombre, LocaliID) values(126,'HERMOSILLO',          '2600031')
        INSERT INTO SOCIUENT (SoCiudadID, SoNombre, LocaliID) values(131,'MERIDA',              '3100050')
        INSERT INTO SOCIUENT (SoCiudadID, SoNombre, LocaliID) values(1530,'VERACRUZ',           '3000200')
        INSERT INTO SOCIUENT (SoCiudadID, SoNombre, LocaliID) values(523,'CANCUN',              '2300001')
        INSERT INTO SOCIUENT (SoCiudadID, SoNombre, LocaliID) values(811,'LEON',                '1100018')
--      SELECT * FROM SOCIUENT


--SELECT * FROM IMPROREL
        EXEC sp_rename 'IMPROREL', 'IMPROREL1'
        CREATE TABLE IMPROREL (Pro_Sibame CHAR(6), Pro_SIHCEI CHAR(4))
        INSERT INTO IMPROREL (Pro_Sibame, Pro_SIHCEI) values ('000004','0352')
        INSERT INTO IMPROREL (Pro_Sibame, Pro_SIHCEI) values ('000005','0366')
        INSERT INTO IMPROREL (Pro_Sibame, Pro_SIHCEI) values ('000006','0350')
        INSERT INTO IMPROREL (Pro_Sibame, Pro_SIHCEI) values ('000007','0598')
        INSERT INTO IMPROREL (Pro_Sibame, Pro_SIHCEI) values ('000008','0604')
        INSERT INTO IMPROREL (Pro_Sibame, Pro_SIHCEI) values ('000009','0343')
        INSERT INTO IMPROREL (Pro_Sibame, Pro_SIHCEI) values ('000010','0384')
        INSERT INTO IMPROREL (Pro_Sibame, Pro_SIHCEI) values ('000011','0452')
        INSERT INTO IMPROREL (Pro_Sibame, Pro_SIHCEI) values ('000012','0604')
        INSERT INTO IMPROREL (Pro_Sibame, Pro_SIHCEI) values ('000013','0604')
        INSERT INTO IMPROREL (Pro_Sibame, Pro_SIHCEI) values ('000014','0604')
        INSERT INTO IMPROREL (Pro_Sibame, Pro_SIHCEI) values ('000015','0438')
        INSERT INTO IMPROREL (Pro_Sibame, Pro_SIHCEI) values ('000016','0604')
        INSERT INTO IMPROREL (Pro_Sibame, Pro_SIHCEI) values ('000017','0281')
        INSERT INTO IMPROREL (Pro_Sibame, Pro_SIHCEI) values ('000018','0604')
        INSERT INTO IMPROREL (Pro_Sibame, Pro_SIHCEI) values ('000019','0376')
        INSERT INTO IMPROREL (Pro_Sibame, Pro_SIHCEI) values ('000020','0377')
        INSERT INTO IMPROREL (Pro_Sibame, Pro_SIHCEI) values ('000021','0494')
        INSERT INTO IMPROREL (Pro_Sibame, Pro_SIHCEI) values ('000022','0483')
        INSERT INTO IMPROREL (Pro_Sibame, Pro_SIHCEI) values ('000023','0489')
        INSERT INTO IMPROREL (Pro_Sibame, Pro_SIHCEI) values ('000024','0604')
        INSERT INTO IMPROREL (Pro_Sibame, Pro_SIHCEI) values ('000031','0553')
        INSERT INTO IMPROREL (Pro_Sibame, Pro_SIHCEI) values ('000032','0604')
        INSERT INTO IMPROREL (Pro_Sibame, Pro_SIHCEI) values ('000033','0431')
        INSERT INTO IMPROREL (Pro_Sibame, Pro_SIHCEI) values ('000034','0566')
        INSERT INTO IMPROREL (Pro_Sibame, Pro_SIHCEI) values ('000001','0604')
        INSERT INTO IMPROREL (Pro_Sibame, Pro_SIHCEI) values ('000035','0178')
        INSERT INTO IMPROREL (Pro_Sibame, Pro_SIHCEI) values ('000036','0554')
        INSERT INTO IMPROREL (Pro_Sibame, Pro_SIHCEI) values ('000037','0478')
        INSERT INTO IMPROREL (Pro_Sibame, Pro_SIHCEI) values ('000038','0479')
        INSERT INTO IMPROREL (Pro_Sibame, Pro_SIHCEI) values ('000039','0508')
        INSERT INTO IMPROREL (Pro_Sibame, Pro_SIHCEI) values ('000047','0615')
        INSERT INTO IMPROREL (Pro_Sibame, Pro_SIHCEI) values ('000050','0312')
        INSERT INTO IMPROREL (Pro_Sibame, Pro_SIHCEI) values ('000052','0559')
        INSERT INTO IMPROREL (Pro_Sibame, Pro_SIHCEI) values ('000053','0356')

	INSERT INTO IMPROREL (Pro_Sibame, Pro_SIHCEI) values ('000054','0535')
	INSERT INTO IMPROREL (Pro_Sibame, Pro_SIHCEI) values ('000055','0679')
	INSERT INTO IMPROREL (Pro_Sibame, Pro_SIHCEI) values ('000056','0604')
	INSERT INTO IMPROREL (Pro_Sibame, Pro_SIHCEI) values ('000057','0700')
	INSERT INTO IMPROREL (Pro_Sibame, Pro_SIHCEI) values ('000058','0278')





CREATE TABLE RELEMPUSU (codigoempleado CHAR(4), intUsuarioID INT, vchNombre CHAR(50), vchApPaterno CHAR(50), vchApMaterno CHAR(50), vchUsuario CHAR(50))

	INSERT INTO RELEMPUSU VALUES ('0577',664,'MARCO','ADAYA','LOPEZ','MARCO.ADAYA')
	INSERT INTO RELEMPUSU VALUES ('0381',424,'MARTHA LUCIA','AGUIÑAGA','PEDROZA','MARTHA.AGUINAGA')
	INSERT INTO RELEMPUSU VALUES ('0384',183,'JORGE ELIGIO','ALCALA','REAL','JORGE.ALCALA')
	INSERT INTO RELEMPUSU VALUES ('0295',234,'KARLA BERENICE','ALONSO','LEYVA','KARLA.ALONSO')
	INSERT INTO RELEMPUSU VALUES ('0457',366,'SAMUEL','ALVARADO','PARRA','SAMUEL.ALVARADO')
	INSERT INTO RELEMPUSU VALUES ('0325',383,'VICTOR HUGO','ALVAREZ','NAVARRETE','VICTOR.ALVAREZ')
	INSERT INTO RELEMPUSU VALUES ('0281',298,'MATILDE','ALVAREZ','SIFUENTES','MATILDE.ALVAREZ')
	INSERT INTO RELEMPUSU VALUES ('0435',1,'ADAN','ALVAREZ','VERGARA','ADAN.ALVAREZ')
	INSERT INTO RELEMPUSU VALUES ('0536',551,'LUIS DANIEL ','ANGELES ','AGUILAR','LUIS.ANGELES')
	INSERT INTO RELEMPUSU VALUES ('0309',150,'IGNACIO','APARICIO','RAMIREZ','IGNACIO.APARICIO')
	INSERT INTO RELEMPUSU VALUES ('0344',419,'JORGE','ARANDA','GUADARRAMA','JORGE.ARANDA')
	INSERT INTO RELEMPUSU VALUES ('0367',315,'ODIN','ARAUZ','MOLINA','ODIN.ARAUZ')
	INSERT INTO RELEMPUSU VALUES ('0535',563,'MARIA FERNANDA','ARROYO','ROBLES','MARIA.ARROYO')
	INSERT INTO RELEMPUSU VALUES ('0020',197,'JOSE LUIS','AYALA','CORTES','JOSE.AYALA')
	INSERT INTO RELEMPUSU VALUES ('0389',572,'REBECA','BARAJAS','ESTRADA','REBECA.BARAJAS')
	INSERT INTO RELEMPUSU VALUES ('0268',104,'EMILIO','BARCENAS','DEL CASTILLO','EMILIO.BARCENAS')
	INSERT INTO RELEMPUSU VALUES ('0483',415,'SABINO','BASTIDAS','FELIX','SABINO.BASTIDAS')
	INSERT INTO RELEMPUSU VALUES ('0485',403,'ADOLFO ONÉSIMO','BAUTISTA','ESTRADA','ADOLFO.BAUTISTA')
	INSERT INTO RELEMPUSU VALUES ('0546',700,'PAOLA CITLALLI','BELAUNZARAN','LOPEZ','PAOLA.BELAUNZARAN')
	INSERT INTO RELEMPUSU VALUES ('0403',117,'FELIX','BERISTAIN','LOPEZ','FELIX.BERISTAIN')
	INSERT INTO RELEMPUSU VALUES ('0047',100,'ELOISA','BURKE','GAYTAN','ELOISA.BURKE')
	INSERT INTO RELEMPUSU VALUES ('0366',19,'ANA LUISA','CALDERON','MONTIEL','ANA.CALDERON')
	INSERT INTO RELEMPUSU VALUES ('0489',492,'FRANCISCO ARTURO ','CARRASCO ','RODRIGUEZ','FRANCISCO.CARRASCO')
	INSERT INTO RELEMPUSU VALUES ('0294',299,'MAYRA','CASTAÑEDA','CORONADO','MAYRA.CASTAÑEDA')
	INSERT INTO RELEMPUSU VALUES ('0316',269,'MA DE LA LUZ','CASTELLANOS','VILLASEÑOR','MA.CASTELLANOS')
	INSERT INTO RELEMPUSU VALUES ('0432',306,'NANCY','CASTRO','ROSSINI','NANCY.CASTRO')
	INSERT INTO RELEMPUSU VALUES ('0524',530,'EDGAR JAZIEL ','CASTRO','SANDOVAL','EDGAR.CASTRO')
	INSERT INTO RELEMPUSU VALUES ('0454',619,'DANIEL','CAZARES','BELTRAN','DANIEL.CAZARES')
	INSERT INTO RELEMPUSU VALUES ('0402',168,'JAIME RICARDO','CONTRERAS','DURAN','JAIME.CONTRERAS')
	INSERT INTO RELEMPUSU VALUES ('0550',605,'DANIEL ','CONTRERAS','HERMOSILLO','DANIEL.CONTRERAS')
	INSERT INTO RELEMPUSU VALUES ('0408',12,'ALEJANDRO','CONTRERAS','MARQUEZ','ALEJANDRO.CONTRERAS')
	INSERT INTO RELEMPUSU VALUES ('0447',402,'AUGUSTO','CORNEJO','ZARIÑANA','AUGUSTO.CORNEJO')
	INSERT INTO RELEMPUSU VALUES ('0437',73,'DALILA','CRUZ','REYES','DALILA.CRUZ')
	INSERT INTO RELEMPUSU VALUES ('0563',231,'JULIO CESAR','CRUZ','TAVARES','JULIO.CRUZ')
	INSERT INTO RELEMPUSU VALUES ('0160',322,'PATRICIA','CRUZ','VALDEMAR','PATRICIA.CRUZ')
	INSERT INTO RELEMPUSU VALUES ('0426',137,'GUSTAVO','DAVIS','CISNEROS','GUSTAVO.DAVIS')
	INSERT INTO RELEMPUSU VALUES ('0388',390,'YADIRA','DE ALBA','OSORIO','YADIRA.DEALBA')
	INSERT INTO RELEMPUSU VALUES ('0594',670,'ALICIA','DE DOMINICIS','VILLEGAS','ALICIA.DOMINICIS')
	INSERT INTO RELEMPUSU VALUES ('0449',46,'CARLOS ALEJANDRO','DE LA TORRE','UGALDE','CARLOS.DELATORRE')
	INSERT INTO RELEMPUSU VALUES ('0560',627,'CARLOS ANTONIO','DEL OLMO','ABAUNZA','CARLOS.DELOLMO')
	INSERT INTO RELEMPUSU VALUES ('0520',518,'CORAL ALICIA','DIAZ','CABALLERO','CORAL.DIAZ')
	INSERT INTO RELEMPUSU VALUES ('0327',128,'GABRIEL ANDRES','DOMINGUEZ','CARREÑO','GABRIEL.DOMINGUEZ')
	INSERT INTO RELEMPUSU VALUES ('0395',294,'MARLENE','ESCOBEDO','ROJAS','MARLENE.ESCOBEDO')
	INSERT INTO RELEMPUSU VALUES ('0226',384,'VICTOR','ESPINOSA','DE LA ROSA','VICTOR.ESPINOSA')
	INSERT INTO RELEMPUSU VALUES ('0599',686,'MARISOL','ESPINOSA','HERNANDEZ','MARISOL.ESPINOSA')
	INSERT INTO RELEMPUSU VALUES ('0373',203,'JOSE ANTONIO','FERNANDEZ','BARRAGAN','JOSE.FERNANDEZ')
	INSERT INTO RELEMPUSU VALUES ('0443',305,'NANCI GUADALUPE','FLORENTIN','CASTRO','NANCI.FLORENTIN')
	INSERT INTO RELEMPUSU VALUES ('0487',412,'MANUEL ALEJANDRO','FRIAS','CERVANTES','MANUEL.FRIAS')
	INSERT INTO RELEMPUSU VALUES ('0455',141,'HECTOR','GARCIA','AGUADO','HECTOR.GARCIA')
	INSERT INTO RELEMPUSU VALUES ('0452',188,'JORGE ALEJANDRO','GARCIA','AGUILAR','JORGE.GARCIA')
	INSERT INTO RELEMPUSU VALUES ('0490',614,'SERGIO ','GARCIA ','CANALES ','SERGIO.GARCIA')
	INSERT INTO RELEMPUSU VALUES ('0252',237,'LAURA MARISELA','GARCIA','JUSTO','LAURA.GARCIA')
	INSERT INTO RELEMPUSU VALUES ('0346',295,'MARTHA','GARCIA','MARTINEZ','MARTHA.GARCIA')
	INSERT INTO RELEMPUSU VALUES ('0347',295,'MARTHA','GARCIA','MARTINEZ','MARTHA.GARCIA')
	INSERT INTO RELEMPUSU VALUES ('0346',88,'EDGAR EDUARDO','GARCIA','MARTINEZ','EDGAR.GARCIA')
	INSERT INTO RELEMPUSU VALUES ('0347',88,'EDGAR EDUARDO','GARCIA','MARTINEZ','EDGAR.GARCIA')
	INSERT INTO RELEMPUSU VALUES ('0401',21,'ANA LILIA','GARCIA','MENDEZ','ANA.GARCIA')
	INSERT INTO RELEMPUSU VALUES ('0557',613,'SANDRA YESENIA ','GARCIA ','TORRES','SANDRA.GARCIA')
	INSERT INTO RELEMPUSU VALUES ('0133',17,'AMANDA','GARCIA','ZEPEDA','AMANDA.GARCIA')
	INSERT INTO RELEMPUSU VALUES ('0379',54,'CAROLINA','GARRIDO','AGUILAR','CAROLINA.GARRIDO')
	INSERT INTO RELEMPUSU VALUES ('0572',591,'MARTIN','GASCA','LEZAMA','MARTIN.GASCA')
	INSERT INTO RELEMPUSU VALUES ('0620',698,'ROBERTO DAVID','GIFFARD','OROZCO','ROBERTO.GIFFARD')
	INSERT INTO RELEMPUSU VALUES ('0227',6,'ADRIANA','GODINEZ','RIVERA','ADRIANA.GODINEZ')
	INSERT INTO RELEMPUSU VALUES ('0393',48,'CARLOS ALBERTO','GOMEZ','CASTILLO','CARLOS.GOMEZ')
	INSERT INTO RELEMPUSU VALUES ('0383',389,'WILBHER','GOMEZ','LOPEZ','WILBERT.GOMEZ')
	INSERT INTO RELEMPUSU VALUES ('0561',584,'DAVID','GONZALEZ ','JIMENEZ','DAVID.GONZALEZ')
	INSERT INTO RELEMPUSU VALUES ('0264',387,'VIRGINIA','GONZALEZ','MARTINEZ','VIRGINIA.GONZALEZ')
	INSERT INTO RELEMPUSU VALUES ('0465',411,'JORGE','GONZALEZ','PARRA','JORGE.GONZALEZ')
	INSERT INTO RELEMPUSU VALUES ('0116',314,'OCTAVIO','GONZALEZ','PENICHE','OCTAVIO.GONZALEZ')
	INSERT INTO RELEMPUSU VALUES ('0479',528,'LILIANA','GONZALEZ','VIVAR','LILIANA.GONZALEZ')
	INSERT INTO RELEMPUSU VALUES ('0399',74,'DANIEL','GUERRA','GUEVARA','DANIEL.GUERRA')
	INSERT INTO RELEMPUSU VALUES ('0337',164,'IVONNE','GUERRERO','ARZATE','IVONNE.GUERRERO')
	INSERT INTO RELEMPUSU VALUES ('0062',375,'TERESA','GUERRERO','GARCIA','TERE.GUERRERO')
	INSERT INTO RELEMPUSU VALUES ('0621',695,'ADRIANA GUADALUPE','GUERRERO','LARA','ADRIANA.GUERRERO')
	INSERT INTO RELEMPUSU VALUES ('0101',320,'PAMELA PATRICIA','GUERRERO','MARTINEZ','PAMELA.GUERRERO')
	INSERT INTO RELEMPUSU VALUES ('0410',248,'LUIS FELIPE','GUTIERREZ','CRUZ','LUIS.GUTIERREZ')
	INSERT INTO RELEMPUSU VALUES ('0461',353,'RODRIGO','GUTIERREZ','MONTES DE OCA','RODRIGO.GUTIERREZ')
	INSERT INTO RELEMPUSU VALUES ('0371',288,'MARIO','GUTIERREZ','ROMAN','MARIO.GUTIERREZ')
	INSERT INTO RELEMPUSU VALUES ('0328',138,'GUSTAVO','GUZMAN','GRAJALES','GUSTAVO.GUZMAN')
	INSERT INTO RELEMPUSU VALUES ('0551',704,'FERNANDO','GUZMAN','LARIOS','FERNANDO.GUZMAN')
	INSERT INTO RELEMPUSU VALUES ('0312',272,'MARIA GEORGINA','HEREDIA','TURRIZA','MARIA.HEREDIA')
	INSERT INTO RELEMPUSU VALUES ('0277',347,'ROBERTO ISRAEL','HERNANDEZ','BARRIOS','ROBERTO.HERNANDEZ')
	INSERT INTO RELEMPUSU VALUES ('0467',184,'JORGE','HERNANDEZ','GARCIA','JORGE.HERNANDEZ')
	INSERT INTO RELEMPUSU VALUES ('0606',688,'ASGAR ENRIQUE','HERNANDEZ','HERREJON','ASGAR.HERNANDEZ')
	INSERT INTO RELEMPUSU VALUES ('0357',673,'JAVIER','HERNANDEZ','LOPEZ','JAVIER.HERNANDEZ')
	INSERT INTO RELEMPUSU VALUES ('0357',90,'EDGAR GUADALUPE','HERNANDEZ','LOPEZ','EDGAR.HERNANDEZ')
	INSERT INTO RELEMPUSU VALUES ('0542',561,'KATIA MARIBEL','HERNANDEZ','VILLALVAZO','KATIA.HERNANDEZ')
	INSERT INTO RELEMPUSU VALUES ('0418',58,'CESAR','HERNANDEZ','YESCAS','CESAR.HERNANDEZ')
	INSERT INTO RELEMPUSU VALUES ('0615',692,'CLAUDIA GUADALUPE','HERRERA ','QUEZADA','CLAUDIA.HERRERA')
	INSERT INTO RELEMPUSU VALUES ('0329',382,'VERONICA','HORTA','SANTIAGO','VERONICA.HORTA')
	INSERT INTO RELEMPUSU VALUES ('0456',421,'LETICIA','INIESTRA','RINCON','LETICIA.INIESTRA')
	INSERT INTO RELEMPUSU VALUES ('0178',23,'ANA MARIA','JERONIMO','VALENCIA','ANA.JERONIMO')
	INSERT INTO RELEMPUSU VALUES ('0285',354,'RODRIGO','JIMENEZ','JIMENEZ','RODRIGO.JIMENEZ')
	INSERT INTO RELEMPUSU VALUES ('0301',273,'MARIA ISABEL','JIMENEZ','MENDOZA','MARIA.JIMENEZ')
	INSERT INTO RELEMPUSU VALUES ('0368',113,'FATIMA YESENIA','JUAREZ','GUILLEN','FATIMA.JUAREZ')
	INSERT INTO RELEMPUSU VALUES ('0580',720,'ISAAC','JUAREZ','SANCHEZ','ISAAC.JUAREZ')
	INSERT INTO RELEMPUSU VALUES ('0585',706,'JUAN CARLOS','LARA','HERRERA','JUAN.LARA')
	INSERT INTO RELEMPUSU VALUES ('0445',631,'CARLOS','LARA','PEREZ','CARLOS.LARA')
	INSERT INTO RELEMPUSU VALUES ('0567',531,'ESPERANZA','LAUREANO','CABRERA','ESPERANZA.LAUREANO')
	INSERT INTO RELEMPUSU VALUES ('0182',348,'ROBERTO','LEÑERO','DIAZ','ROBERTO.LEÑERO')
	INSERT INTO RELEMPUSU VALUES ('0341',9,'ALEJANDRA','LEYVA','CAMPOS','ALEJANDRA.LEYVA')
	INSERT INTO RELEMPUSU VALUES ('0376',349,'ROBERTO','LEYVA','DIAZ DE LEON','ROBERTO.LEYVA')
	INSERT INTO RELEMPUSU VALUES ('0554',624,'GABRIELA','LIMON','ROMO','GABRIELA.LIMON')
	INSERT INTO RELEMPUSU VALUES ('0369',208,'JOSE RICARDO','LIMON','SANTIBAÑEZ','JOSE.LIMON')
	INSERT INTO RELEMPUSU VALUES ('0387',152,'IGNACIO','LOPEZ','BAÑOS','IGNACIO.LOPEZ')
	INSERT INTO RELEMPUSU VALUES ('0386',36,'BEATRIZ','LOPEZ','BARATA','BEATRIZ.LOPEZ')
	INSERT INTO RELEMPUSU VALUES ('0538',699,'PABLO','LOPEZ','VARGAS','PABLO.LOPEZ')
	INSERT INTO RELEMPUSU VALUES ('0276',158,'ISMAEL','LUEVANO','HERNANDEZ','ISMAEL.LUEVANO')
	INSERT INTO RELEMPUSU VALUES ('0575',606,'LUICA ELIZABETH ','LUJAN ','AGUILAR','LUCIA.LUJAN')
	INSERT INTO RELEMPUSU VALUES ('0491',404,'GUSTAVO','LUNA','LUNA','GUSTAVO.LUNA')
	INSERT INTO RELEMPUSU VALUES ('0511',612,'ROXANA YADIRA ','MACIEL ','LEMUS','ROXANA.MACIEL')
	INSERT INTO RELEMPUSU VALUES ('0278',165,'IVONNE','MALDONADO','VEGA','IVONNE.MALDONADO')
	INSERT INTO RELEMPUSU VALUES ('0278',41,'BLANCA IVONNE','MALDONADO','VEGA','BLANCA.MALDONADO')
	INSERT INTO RELEMPUSU VALUES ('0431',169,'JAIME ARTURO','MARQUEZ','GASPAR','JAIME.MARQUEZ')
	INSERT INTO RELEMPUSU VALUES ('0351',310,'NORMA GUADALUPE','MARTINEZ','ARZATE','NORMA.MARTINEZ')
	INSERT INTO RELEMPUSU VALUES ('0115',235,'KARLA','MARTINEZ','GARCIA','KARLA.MARTINEZ')
	INSERT INTO RELEMPUSU VALUES ('0130',290,'MARIO','MARTINEZ','GONZALEZ','MARIO.MARTINEZ')
	INSERT INTO RELEMPUSU VALUES ('0028',242,'LIZBETH','MARTINEZ','RUIZ','LIZBETH.MARTINEZ')
	INSERT INTO RELEMPUSU VALUES ('0498',422,'ALFREDO','MARTINEZ','URUETA','ALFREDO.MARTINEZ')
	INSERT INTO RELEMPUSU VALUES ('0611',687,'GABRIEL ','MATEOS ','OJEDA','GABRIEL.MATEOS')
	INSERT INTO RELEMPUSU VALUES ('0283',361,'ROSALINDA','MAYA','SOTO','ROSALINDA.MAYA')
	INSERT INTO RELEMPUSU VALUES ('0339',649,'DANIEL HIPOLITO','MENDEZ','SALVATORIO','DANIEL.MENDEZ')
	INSERT INTO RELEMPUSU VALUES ('0382',95,'EFREN','MENDEZ','TREJO','EFREN.MENDEZ')
	INSERT INTO RELEMPUSU VALUES ('0131',28,'MARIA DE LOS ANGELES','MENDOZA','CASTAÑEDA','ANGELES.MENDOZA')
	INSERT INTO RELEMPUSU VALUES ('0131',274,'MARIA DE LOS ANGELES','MENDOZA','CASTAÑEDA','MARIA.MENDOZA')
	INSERT INTO RELEMPUSU VALUES ('0031',226,'JUAN CARLOS','MENDOZA','GONZALEZ','JUAN.MENDOZA')
	INSERT INTO RELEMPUSU VALUES ('0348',149,'IBETH ATENEA','MERCADO','VEGA','IBETH.MERCADO')
	INSERT INTO RELEMPUSU VALUES ('0253',50,'CARLOS ARTURO','MINOR','RODRIGUEZ','CARLOS.MINOR')
	INSERT INTO RELEMPUSU VALUES ('0619',705,'CHRISTIAN GABRIEL','MIRANDA','RUIZ','CHRISTIAN.MIRANDA')
	INSERT INTO RELEMPUSU VALUES ('0613',690,'LUIS JOSE','MIRANDA','SANCHEZ','LUIS.MIRANDA')
	INSERT INTO RELEMPUSU VALUES ('0274',266,'MARGARITA','MONJE','LEON','MARGARITA.MONJE')
	INSERT INTO RELEMPUSU VALUES ('0697',713,'HAYDEE','MONROY','SALAZAR','HAYDEE.MONROY')
	INSERT INTO RELEMPUSU VALUES ('0436',37,'BEATRIZ ADRIANA','MONTEMAYOR','GARZA','BEATRIZ.MONTEMAYOR')
	INSERT INTO RELEMPUSU VALUES ('0398',249,'LUIS FERNANDO ','MONTES ','MORENO','LUIS.MONTES')
	INSERT INTO RELEMPUSU VALUES ('0471',378,'ULISES BERNANRDO','MONTES DE OCA','DIAZ','ULISES.MONTESDEOCA')
	INSERT INTO RELEMPUSU VALUES ('0210',124,'FRANCISCO','MONZALVO','ROMERO','FRANCISCO.MONZALVO')
	INSERT INTO RELEMPUSU VALUES ('0630',703,'JOSE ','MORAL','MENENDEZ','JOSE.MORAL')
	INSERT INTO RELEMPUSU VALUES ('0598',115,'FELIPE','MORENO','GOMEZ','FELIPE.MORENO')
	INSERT INTO RELEMPUSU VALUES ('0330',307,'NAYIELI','MORENO','MATUS','NAYIELI.MORENO')
	INSERT INTO RELEMPUSU VALUES ('0499',610,'JUAN CARLOS','MOSQUEDA','MORALES','JUAN.MOSQUEDA')
	INSERT INTO RELEMPUSU VALUES ('0496',410,'JESUS','MURILLO','LOPEZ','JESUS.MURILLO')
	INSERT INTO RELEMPUSU VALUES ('0643',722,'YOLANDA ANETTE','NAVA','ESCALANTE','ANNETNAVA')
	INSERT INTO RELEMPUSU VALUES ('0643',739,'ANNET','NAVA','ESCALANTE','ANNETNAVA3')
	INSERT INTO RELEMPUSU VALUES ('0509',669,'AMELIA','NIÑO','ROJAS','AMELIA.NINO')
	INSERT INTO RELEMPUSU VALUES ('0352',277,'MARIA GUADALUPE','ORTEGA','GONZALEZ','MARIA.ORTEGA')
	INSERT INTO RELEMPUSU VALUES ('0392',139,'MARIA HAYDEE','ORTEGA','MARIN','HAYDEE.ORTEGA')
	INSERT INTO RELEMPUSU VALUES ('0259',63,'CLAUDIA','PACHECO','AVILA','CLAUDIA.PACHECO')
	INSERT INTO RELEMPUSU VALUES ('0493',707,'RODRIGO','PADILLA','QUIROZ','RODRIGO.PADILLA')
	INSERT INTO RELEMPUSU VALUES ('0597',675,'EDITH','PARRA','JIMENEZ','EDITH.PARRA')
	INSERT INTO RELEMPUSU VALUES ('0583',656,'CESAR AUGUSTO','PEREZ','CHAVEZ','CESAR.PEREZ')
	INSERT INTO RELEMPUSU VALUES ('0262',162,'IVONNE','PEREZ','SERRANO','IVONE.PEREZ')
	INSERT INTO RELEMPUSU VALUES ('0242',57,'CECILIA MARIA JOSE','PEREZ','SOLORIO','CECILIA.PEREZ')
	INSERT INTO RELEMPUSU VALUES ('0313',103,'ELVIA','PEREZ','VERASTEGUI','ELVIA.PEREZ')
	INSERT INTO RELEMPUSU VALUES ('0319',267,'MARGARITA','PINEDA','CELIS','MARGARITA.PINEDA')
	INSERT INTO RELEMPUSU VALUES ('0290',327,'RAQUEL','PONCE','PADRON','RAQUEL.PONCE')
	INSERT INTO RELEMPUSU VALUES ('0438',328,'RAQUEL','POSADAS','RAMIREZ','RAQUEL.POSADAS')
	INSERT INTO RELEMPUSU VALUES ('0438',278,'MARIA RAQUEL','POSADAS','RAMIREZ','MARIA ALEJANDRA')
	INSERT INTO RELEMPUSU VALUES ('0342',250,'LUIS ALFONSO','PRADO','GUERRERO','LUIS.PRADO')
	INSERT INTO RELEMPUSU VALUES ('0453',594,'EDUARDO ','RAMIREZ','LUA','EDUARDO.RAMIREZ')
	INSERT INTO RELEMPUSU VALUES ('0394',15,'ALMA EDITH','RAMIREZ','MANDUJANO','ALMA.RAMIREZ')
	INSERT INTO RELEMPUSU VALUES ('0377',394,'YOLANDA GABRIELA','RAMOS','FRANCO','YOLANDA.RAMOS')
	INSERT INTO RELEMPUSU VALUES ('0475',93,'EDITH','RIVAS','TELLO','EDITH.RIVAS')
	INSERT INTO RELEMPUSU VALUES ('0601',681,'MARIA ELENA','RIVAS','VILLANUEVA','MARIA.RIVAS')
	INSERT INTO RELEMPUSU VALUES ('0414',376,'TERESA','RIVERA','ZARATE','TERESA.RIVERA')
	INSERT INTO RELEMPUSU VALUES ('0374',228,'JUAN ISMAEL','RODRIGUEZ','CAMARILLO','JUAN.RODRIGUEZ')
	INSERT INTO RELEMPUSU VALUES ('0354',175,'JESSICA MARIA','RODRIGUEZ','MICHEL','JESSICA.RODRIGUEZ')
	INSERT INTO RELEMPUSU VALUES ('0334',279,'MARIA GUADALUPE','RODRIGUEZ','MORA','MARIA.RODRIGUEZ')
	INSERT INTO RELEMPUSU VALUES ('0604',685,'MIGUEL ANGEL','RODRIGUEZ','PAZ','ANGEL.RODRIGUEZ')
	INSERT INTO RELEMPUSU VALUES ('0416',571,'ARACELI','ROMERO','BANDA','ARACELI.ROMERO')
	INSERT INTO RELEMPUSU VALUES ('0052',393,'YESICA','ROMERO','CHAVEZ','YESICA.ROMERO')
	INSERT INTO RELEMPUSU VALUES ('0596',672,'FEDERICO FABIAN ','ROMERO','MORALES','FEDERICO.ROMERO')
	INSERT INTO RELEMPUSU VALUES ('0564',345,'RICARDO','ROMERO','ONOFRE','RICARDO.ROMERO')
	INSERT INTO RELEMPUSU VALUES ('0300',135,'GUADALUPE PAMELA','ROMERO','VAZQUEZ','GUADALUPE.ROMERO')
	INSERT INTO RELEMPUSU VALUES ('0649',135,'GUADALUPE PAMELA','ROMERO','VAZQUEZ','GUADALUPE.ROMERO')
	INSERT INTO RELEMPUSU VALUES ('0300',75,'GUADALUPE PAMMELA','ROMERO','VAZQUEZ','PAMMELA.ROMERO')
	INSERT INTO RELEMPUSU VALUES ('0649',75,'GUADALUPE PAMMELA','ROMERO','VAZQUEZ','PAMMELA.ROMERO')
	INSERT INTO RELEMPUSU VALUES ('0562',717,'MARCO','RUIZ','MEDINA','MARCO.RUIZ')
	INSERT INTO RELEMPUSU VALUES ('0488',607,'GUADALUPE','SALAZAR','SALINAS','GUADALUPE.SALAZAR')
	INSERT INTO RELEMPUSU VALUES ('0409',304,'MOISES','SALCEDO','PONCE','MOISES.SALCEDO')
	INSERT INTO RELEMPUSU VALUES ('0335',214,'JOSE LUIS','SALGADO','FIGUEROA','JOSE.SALGADO')
	INSERT INTO RELEMPUSU VALUES ('0343',155,'IRMA VIRGINIA','SALINAS','CISNEROS','IRMA.SALINAS')
	INSERT INTO RELEMPUSU VALUES ('0566',456,'GEORGINA ','SANCHEZ ','ARLEY  ','GEORGINA.SANCHEZ')
	INSERT INTO RELEMPUSU VALUES ('0358',395,'YOLANDA','SANCHEZ','MEDRANO','YOLANDA.SANCHEZ')
	INSERT INTO RELEMPUSU VALUES ('0391',79,'DAYNAHARI ESU ASIS','SANCHEZ','OSUNA','DAYNAHARI.SANCHEZ')
	INSERT INTO RELEMPUSU VALUES ('0553',621,'OSCAR','SANCHEZ','REYNOSO','OSCAR.SANCHEZ')
	INSERT INTO RELEMPUSU VALUES ('0407',252,'LUIS MANUEL','SEGURA','SALAZAR','LUIS.SEGURA')
	INSERT INTO RELEMPUSU VALUES ('0095',264,'MARCOS','SIERRA','PEREZ','MARCOS.SIERRA')
	INSERT INTO RELEMPUSU VALUES ('0231',101,'ELSA GRISELDA','SIGALA','RODRIGUEZ','ELSA.SIGALA')
	INSERT INTO RELEMPUSU VALUES ('0592',671,'JOSE ANTONIO','SILVA','ORTEGA','JOSE.SILVA')
	INSERT INTO RELEMPUSU VALUES ('0494',408,'ALEJANDRO','TAPIA','RUEDA','ALEJANDRO.TAPIA')
	INSERT INTO RELEMPUSU VALUES ('0685',721,'DIEGO','TELLEZ','TENORIO','DIEGO.TELLEZ')
	INSERT INTO RELEMPUSU VALUES ('0555',573,'RAFAEL','TORRES','MEDINA','RAFAEL.TORRES')
	INSERT INTO RELEMPUSU VALUES ('0415',160,'IVAN','TREJO','CHAVEZ','IVAN.TREJO')
	INSERT INTO RELEMPUSU VALUES ('0595',674,'DIEGO','TREJO','GONZALEZ','DIEGO.TREJO')
	INSERT INTO RELEMPUSU VALUES ('0687',458,'OSCAR ','TREJO ','TORRES','OSCAR.TREJO')
	INSERT INTO RELEMPUSU VALUES ('0356',42,'BLANCA IMELDA','ULLOA','RIOS','BLANCA.ULLOA')
	INSERT INTO RELEMPUSU VALUES ('0406',263,'MARCO ANTONIO','URIBE','HOYO','MARCO.URIBE')
	INSERT INTO RELEMPUSU VALUES ('0363',372,'SILVESTRE','VALDES','MARTINEZ','SILVESTRE.VALDES')
	INSERT INTO RELEMPUSU VALUES ('0521',519,'JORGE LUIS','VALDEZ ','GALICIA ','JORGE.VALDEZ')
	INSERT INTO RELEMPUSU VALUES ('0497',409,'CHRISTOPHER','VALENCIA','JUAREZ','CHRISTOPHER.VALENCIA')
	INSERT INTO RELEMPUSU VALUES ('0478',240,'LETICIA','VEGA','MEDINA','LETICIA.VEGA')
	INSERT INTO RELEMPUSU VALUES ('0372',130,'GABRIELA','VELAZQUEZ','LUNA','GABRIELA.VELAZQUEZ')
	INSERT INTO RELEMPUSU VALUES ('0404',126,'FRANCISCO JAVIER','VELOZ','RODRIGUEZ','FRANCISCO.VELOZ')
	INSERT INTO RELEMPUSU VALUES ('0534',562,'LOYDA ESTHER','VERGARA','MARTINEZ','LOYDA.VERGARA')
	INSERT INTO RELEMPUSU VALUES ('0097',523,'JUAN CARLOS ','VIEYRA ','NERI ','JUAN.VIEYRA')
	INSERT INTO RELEMPUSU VALUES ('0558',696,'FRANCISCO','VILLASEÑOR','BORBOLLA','FRANCISCO.VILLASEÑOR')
	INSERT INTO RELEMPUSU VALUES ('0349',254,'LUIS ARMANDO','VILLEGAS','RESENDIZ','LUIS.VILLEGAS')
	INSERT INTO RELEMPUSU VALUES ('0576',592,'ALMA YETZAMYRE','YLLESCAS','PAZ','ALMA.YLLESCAS')
	INSERT INTO RELEMPUSU VALUES ('0350',24,'ANA ELSA','ZAMBRANO','PARRA','ANA.ZAMBRANO')
	INSERT INTO RELEMPUSU VALUES ('0362',127,'FRANCISCO','ZORRILLA','ACEVEDO','FRANCISCO.ZORRILLA')
	INSERT INTO RELEMPUSU VALUES ('0616',701,'MIGUEL ANGEL','ZURITA','BRAVO','MIGUEL.ZURITA')
                                                                                                                                                                                                                                                                                                                                                                                                                                                                                                                                                                                                                                                                                                                                                                                                                                                                                                                                                                                                                                                                                                                                                                                                   